"First name","Last name","Email address",Groups
"fm136 LUCCAS MATHEO","ARIAS CERQUEIRA",fm136@cleve.com,
"fm159 ESTEBAN JOSUE","BRACHO ALVARADO",fm159@cleve.com,"2nd grade"
"fm137 TAMIM LUCIANO","HOMAED QUEVEDO",fm137@cleve.com,
"fm138 GADIEL ALEJANDRO","JIMENEZ GUEVARA",fm138@cleve.com,
"fm148 GRACE",KHER,fm148@CLEVE.COM,
"fm139 LUCAS DANIEL","LUCENA MEIRELE",fm139@cleve.com,
"fm140 MANUEL IGNACIO","LUGO TRUJILLO",fm140@cleve.com,
"fm141 MAURICIO ALEJANDRO","MEJIA MEJIAS",fm141@cleve.com,
"fm142 RISHELLYS AILYN","SANCHEZ RIVERO",fm142@cleve.com,
